"","HR","upper","lower","p value","model"
"AADAC",0.89613448041709,0.973047683257824,0.825300774884663,0.00904623514780109,1
"ABI3",0.869429387415985,0.955167497823113,0.791387334080458,0.00354720520489152,1
"ACP2",0.893231137314596,0.967507737491723,0.824656830897078,0.00559762837303859,1
"ACPP",0.895770532007131,0.972828875546166,0.824816024875754,0.00894329321235566,1
"ADAM15",0.885606930167787,0.959731135404866,0.817207659341334,0.0030546244290202,1
"ADAMDEC1",0.89570053349202,0.97160119374715,0.82572916836769,0.0079503625380326,1
"ADCK2",0.873320327207296,0.945761005278412,0.806428251595064,0.000863641930345279,1
"ADCYAP1R1",0.877117816064218,0.954806263801863,0.805750540632097,0.00246168902974245,1
"ADPRHL2",0.866896781653429,0.955946781273399,0.786142120840661,0.00419632073134878,1
"ADRBK2",0.887848992493073,0.963643146579339,0.818016333400099,0.00442683776322229,1
"AFG3L2",0.884140307759311,0.957964951680425,0.81600488873157,0.00261668646686391,1
"AHCYL1",0.882453760385741,0.953638036283561,0.816583032125811,0.00158150002631498,1
"AIFM1",0.857810726620641,0.930835000496908,0.790515228061492,0.000233766063142354,1
"AIM1",0.855153406349296,0.927196606016358,0.78870796511296,0.000149668273063281,1
"AIM2",0.851610807245193,0.929000837577658,0.780667721363797,0.000295220961614286,1
"AKNA",0.881939813126689,0.969358466292259,0.802404746051322,0.00917810483999043,1
"AKR1A1",0.824013493376388,0.894835191406422,0.758796976009816,4.19919613264457e-06,1
"ALCAM",0.893626964449347,0.966197826284271,0.826506880751357,0.00475563529618263,1
"ALDH5A1",0.849544528068158,0.918953398042404,0.78537813419919,4.71569798232727e-05,1
"AMICA1",0.870760760371509,0.965741389082105,0.785121472864933,0.00879546368367024,1
"ANKRD17",0.867902331366334,0.936718231184596,0.804141983911783,0.000273528979422899,1
"ANKRD42",0.823307676082224,0.934960831795376,0.724988156128728,0.00273184735220074,1
"ANXA1",0.892371514706679,0.967007006224758,0.823496536357882,0.00545928204884064,1
"APOBEC3A",0.881986998841218,0.963048135021917,0.807748894199598,0.00512192844704396,1
"APOBEC3D",0.865739222709801,0.963342946834297,0.778024486711783,0.00816525970710296,1
"APOC1",0.894593215584086,0.969353343276236,0.825598866419771,0.0065268505918587,1
"APOL1",0.889748643397554,0.966134364983922,0.819402225114891,0.005439141434658,1
"APOL3",0.887757028377196,0.961053658976264,0.820050508181431,0.00326729611911251,1
"APOL6",0.818531812954953,0.931567702416588,0.719211633337313,0.00241327262964676,2
"ARAP1",0.890384376824534,0.965979875254551,0.820704818808261,0.00523110606409057,1
"ARF6",0.891029314524565,0.971871155647174,0.816912030703732,0.00921741080758128,1
"ARHGEF39",0.84658355827153,0.946634543765584,0.757107086209567,0.00347539593003927,1
"ARPC5L",0.826041346717581,0.90181356261882,0.756635667028007,1.97261375251362e-05,1
"ASB2",0.860016798722243,0.954361392483106,0.774998758237747,0.00451786001680824,1
"ASRGL1",0.872665147323653,0.94987229359743,0.801733521955076,0.00163861791327843,1
"ASS1",0.877531430018025,0.952738592089389,0.808260961677545,0.00184590347708974,1
"ATG3",0.884669252757325,0.956254084154996,0.818443235686457,0.00202380735275407,1
"ATP5H",0.891629932299722,0.971105016786985,0.818659076443834,0.0084630519490767,1
"ATP6V0B",0.874493844891788,0.949762794691797,0.805189979042909,0.00145513745269152,1
"ATP6V0D2",0.844236029290704,0.939080271558532,0.75897076611955,0.00182678853707748,1
"B2M",0.895549573495565,0.967052565123161,0.829333448369424,0.00488094071355001,1
"BATF",0.890954995885037,0.965618222459076,0.822064855684877,0.00492241052078258,1
"BBX",0.89687480560461,0.969174205052177,0.829968867036657,0.00593184188688328,1
"BCAP31",0.872925194710553,0.952905360859603,0.799658000531206,0.00237782471221169,1
"BCL2A1",0.87657823935184,0.951169341274278,0.807836603181262,0.00156977416102289,1
"BCL2L13",0.880454083248683,0.958121600137499,0.809082471993148,0.0031590779908507,1
"BCL2L15",0.807529288852435,0.908974714178501,0.717405602359212,0.000399143918237458,1
"BIRC3",0.884008859863834,0.958434946533343,0.815362239392812,0.00279600060698589,1
"BTG3",0.844553420614597,0.919275072403084,0.775905386411981,9.38820197393359e-05,1
"BTLA",0.797539933728635,0.908857800405728,0.699856397346124,0.000689939601400722,1
"BTN3A2",0.895864393224662,0.969620415591558,0.827718763077145,0.00644498676118918,1
"BTN3A3",0.868194110085527,0.945517295441725,0.797194315134194,0.00116640963878012,1
"C11orf82",0.857763198349099,0.951883388545369,0.77294941092147,0.00387354037500224,1
"C14orf182",0.83380980089947,0.939577916329762,0.739947983017523,0.00285615170000831,1
"C17orf62",0.839584600762684,0.913078382764711,0.772006341562332,4.42917930008913e-05,1
"C18orf21",0.859760570611126,0.957748953872559,0.771797490134275,0.00607153092876337,1
"C18orf8",0.871647067524566,0.94512551065315,0.803881179547381,0.000878757484837811,1
"C1orf158",0.844204279905716,0.946824504188941,0.752706402356598,0.00380965238624178,1
"C1orf170",0.862075726975653,0.96483911877716,0.770257491199675,0.00979716894000523,1
"C1orf177",0.862304573225955,0.95795124872068,0.776207743347498,0.00577300274846105,1
"C1orf194",0.85544073937127,0.958864874905942,0.763172035734281,0.00733366903518036,1
"C1QA",0.855788743257693,0.925151366830475,0.791626537391024,8.98399989345233e-05,1
"C1QB",0.863812446905231,0.934140389032179,0.798779232960345,0.00024642028955169,1
"C1QBP",0.893256191398676,0.968671403076548,0.823712376496176,0.00633998800945599,1
"C2",0.847947887703059,0.942110296492089,0.763196860216161,0.00214140008017233,1
"C21orf91",0.880631801093155,0.954921475066772,0.812121613499526,0.00209637871129614,1
"C2orf88",0.828324685268857,0.907740741069237,0.755856549324382,5.52650343541639e-05,1
"C6orf226",0.841506980638184,0.946871858514662,0.747866770033304,0.00414440299209988,1
"C9orf135",0.855190139154424,0.953319243286834,0.76716187075531,0.00476465737228697,1
"CAND2",0.879410971349321,0.96368753704015,0.802504574153619,0.00592078627098056,1
"CASP8",0.878223807944399,0.95034108693785,0.811579197660008,0.00126009283987773,1
"CBLN3",0.804492489061093,0.899270649012741,0.719703423731494,0.000128981063909505,1
"CCDC109B",0.870071921991963,0.941386303076873,0.804159936217992,0.000534706965554295,1
"CCDC114",0.857483084135572,0.957260877703707,0.768105389768405,0.00618687784514874,1
"CCL13",0.841936282440304,0.917756341514636,0.77238006606364,9.20140236489198e-05,1
"CCL2",0.885426896351011,0.958769125051118,0.817695072043528,0.00272690077533367,1
"CCL20",0.89780228079836,0.974197796272572,0.827397617291685,0.00967169498050731,1
"CCL5",0.860622895564914,0.930720297295057,0.795804894900373,0.000171907017203315,1
"CCL8",0.841279079518637,0.913230769775422,0.774996324105213,3.66335960421874e-05,1
"CCR1",0.878711780497658,0.950936474518464,0.81197263316286,0.00133548887713083,1
"CCR2",0.888613825320284,0.964315116839909,0.818855285747263,0.0046389176796127,1
"CD14",0.877374149519034,0.949969420584507,0.810326502689536,0.00125804197596001,1
"CD2",0.89127573256589,0.963152158157096,0.824763174471646,0.00362890152047044,1
"CD274",0.856067726156948,0.947382084063537,0.773554792828844,0.00265374007545161,1
"CD38",0.821729457291763,0.891429403618026,0.757479277933211,2.28158516404205e-06,1
"CD53",0.870699118615396,0.942811475729627,0.804102383852437,0.00064840201278946,1
"CD7",0.876583549962815,0.952297194433821,0.806889618657603,0.00183116965811915,1
"CD74",0.856067201118694,0.922126462891701,0.794740290320964,4.17407066350363e-05,1
"CD8B",0.869320930361479,0.949285809988584,0.79609204310516,0.00181363196338163,1
"CDC42EP4",0.889368993071102,0.963684442012498,0.820784451167934,0.0041912914185063,1
"CDC45",0.882358554378765,0.955002426831955,0.815240460768358,0.00193148573841388,1
"CDC7",0.878642239035243,0.952577003758332,0.810445959928636,0.00169772537947697,1
"CDCA8",0.87675807311114,0.952431743166505,0.807096911963351,0.00184699028144799,1
"CDKL1",0.871956612042119,0.945014744199283,0.804546530041904,0.000845072427060632,1
"CDKN3",0.889312357711023,0.962823498162692,0.821413759725151,0.00379287423754654,1
"CDT1",0.832196427978518,0.908773986042001,0.762071654093536,4.31684403400164e-05,1
"CENPC",0.814297079442075,0.931685590047185,0.711699033097969,0.0027916944940335,1
"CENPM",0.821413337372,0.896040622042,0.753001431201833,9.24815734893175e-06,1
"CETN2",0.8750448257122,0.94871903070694,0.807091902051473,0.00121081219186363,1
"CFB",0.837036253924755,0.90427826350051,0.774794351101852,6.41690866242433e-06,1
"CFLAR",0.882268173687223,0.954794955368629,0.815250568642628,0.0018860147076111,1
"CHAF1B",0.859003224011106,0.932329172176412,0.7914442247248,0.000276330500133943,1
"CHCHD4",0.857222995066203,0.946550509581485,0.776325463704177,0.00231845577438686,1
"CIB1",0.856293915887953,0.93213527301474,0.786623241941334,0.000339620436787286,1
"CLN6",0.876112467557517,0.95416933857537,0.804441124628625,0.00238680633228805,1
"CLNS1A",0.863819735203021,0.938068303648114,0.795447977534613,0.000502202024924645,1
"CLPB",0.890562070661123,0.971779720585061,0.816132282759245,0.00924603372152627,1
"CLSPN",0.869391896625246,0.966624740282618,0.781939710850617,0.00966705688118482,1
"CMPK1",0.867328665800452,0.942660047976248,0.798017287498479,0.000809445157415278,1
"CMTR1",0.886899536838417,0.971432152753142,0.809722826462884,0.00976765948073839,1
"CNDP2",0.895284851520637,0.969046480904671,0.827137790763185,0.00617453798185555,1
"COA4",0.831605645373104,0.90940029907189,0.760465935762517,5.31305837506699e-05,1
"COMMD4",0.872817480619994,0.945801003091616,0.805465792471823,0.000900312482289084,1
"CORO1A",0.867096133604991,0.938986112687516,0.800710143370282,0.000449652442278514,1
"COX7B",0.874042398511312,0.947600251983065,0.806194503216596,0.00109281026363138,1
"CP",0.858598613296453,0.92704121823641,0.795209063257203,9.78242836451235e-05,1
"CPT2",0.897946856072485,0.971218647549248,0.830202919152223,0.00715242296665642,1
"CR1L",0.852072455683834,0.9575628876799,0.75820343402634,0.00718529938258542,1
"CSMD1",0.84729713067422,0.94589711849621,0.758975171411988,0.00317488469382076,1
"CTPS2",0.841027814170128,0.957885633530313,0.738426132983024,0.00910335027589234,2
"CTSC",0.823281694509854,0.890521089855393,0.761119255047715,1.20616590347882e-06,1
"CTSS",0.866268409411337,0.937160218321753,0.800739235909828,0.000347416759186267,1
"CXADR",0.892275518760012,0.967096337491978,0.823243321800972,0.00553165583611868,1
"CXCL10",0.802456072422193,0.867149245087935,0.742589296842382,2.64711457728433e-08,1
"CXCL11",0.786022394993911,0.85418936502726,0.723295361342091,1.39428447895482e-08,1
"CXCL13",0.834932455442031,0.90743321756087,0.76822425238549,2.1732428287291e-05,1
"CXCL9",0.836781467150702,0.907872941399758,0.77125684865914,1.84305286134302e-05,1
"CXCR4",0.86628008582906,0.938616658399252,0.799518291507665,0.000451292098420196,1
"CXorf21",0.895708997719847,0.971011008085129,0.82624666653208,0.00749009297024073,1
"CXorf38",0.812752544280759,0.917866665115262,0.719676096039392,0.000834625037028195,1
"CYBA",0.847777969384803,0.91625463894666,0.784418932056354,3.08850345288908e-05,1
"CYBB",0.895662036951972,0.973971525012294,0.823648806803495,0.00997608802984841,1
"CYC1",0.883182555934357,0.958863279312808,0.813475126157462,0.00306278549464816,1
"CYP2J2",0.874585072727358,0.948754267207527,0.806214080795493,0.00125268848875605,1
"CYP4B1",0.892927280183804,0.971047159327784,0.821092075742641,0.00813165473952318,1
"CYTIP",0.855669635073197,0.929190520560036,0.787965985646312,0.000210378055136167,1
"DAD1",0.867507217104644,0.937829763740463,0.802457760273123,0.000351595253705524,1
"DAW1",0.82992653621874,0.949014777461232,0.725782223710603,0.00643230273305359,1
"DCAF10",0.896374778035907,0.971305295639101,0.827224711227629,0.00756826036466284,1
"DCAF11",0.868086514221133,0.942646092872124,0.799424303427124,0.000765782790576029,1
"DCK",0.855520374967312,0.9579544598437,0.76403956833567,0.00684245590519252,2
"DCTN5",0.893605586821994,0.968225912930816,0.824736184122908,0.00597649081787711,1
"DDT",0.778290623970878,0.88361525485345,0.685520414042016,0.000108525489307144,1
"DDX58",0.889965646594382,0.965779742347463,0.820102987657409,0.00519423775257684,1
"DDX60",0.869260243900205,0.939006677128287,0.804694354183183,0.000373517433341186,1
"DEK",0.86356612250168,0.943330777350736,0.790546079739867,0.00113713602540662,1
"DENND2D",0.85764130287194,0.930849090716593,0.7901910328189,0.00023822934884407,1
"DGCR2",0.882905630641735,0.955598862873967,0.815742235475735,0.00203525794744185,1
"DGCR8",0.890603063681432,0.964323478370328,0.822518412990616,0.00429991452031416,1
"DHCR24",0.859405270099233,0.932277866885261,0.792228845614367,0.000263640080297643,1
"DHCR7",0.886790442180731,0.966334962507118,0.813793683199478,0.00611959722744928,1
"DHH",0.863399450884102,0.956857559718249,0.779069574374762,0.00509497055135729,1
"DKC1",0.872354165966079,0.948783046969938,0.802081986296795,0.00143797435211159,1
"DNAJA1",0.831046603903187,0.900052390220744,0.767331396886392,5.43241462068829e-06,1
"DNMT1",0.884455206515496,0.95832998808793,0.816275210059058,0.00270088488699885,1
"DONSON",0.890441848427012,0.967587086042689,0.819447362276115,0.00619605017860863,1
"DPP3",0.885872144495015,0.958737868198625,0.818544340870463,0.00265766492056493,1
"DRAP1",0.863746578366581,0.935028783589273,0.797898593855154,0.000294186570206226,1
"DUSP22",0.889026257599779,0.963845871045919,0.820014600305545,0.00432883170616796,1
"EBNA1BP2",0.85816251446065,0.933096949398254,0.789245856714407,0.000342062969635235,1
"EEF1E1",0.882486247749725,0.968149225714939,0.804402830454457,0.00817473506527373,1
"EFTUD1",0.869323238811742,0.941831640837707,0.802397011068733,0.000612207648455408,1
"EHBP1L1",0.867201165820638,0.949747266561567,0.791829456612522,0.00213079129681734,1
"EIF2B3",0.860284989464306,0.932610839113082,0.793568155181888,0.000258292385607438,1
"ELOVL1",0.861864375576555,0.937444193197519,0.792378050104851,0.00052794764876286,1
"EMC9",0.800895424178875,0.874055784811629,0.73385874404904,6.41884491950413e-07,1
"ESRP1",0.876159048983818,0.947776202545471,0.809953528116148,0.000973945106139271,1
"EWSR1",0.890200288914357,0.961749057315051,0.823974350019676,0.00319037903475732,1
"EXOC3L4",0.841197246264727,0.936639690102102,0.755480271230257,0.00161220916715649,1
"EXOSC4",0.855973093490636,0.927992812189522,0.789542685197321,0.000161260704732177,1
"FADD",0.895799006665297,0.972723261430317,0.824958024713608,0.00884696522125137,1
"FAH",0.869249617648494,0.941457965708503,0.802579536531324,0.000578222014004185,1
"FAM167A",0.863849715365353,0.962674938268863,0.775169583285015,0.00809031893335546,1
"FAM50A",0.892103490644463,0.968591936043569,0.821655238294526,0.00652228872781473,1
"FAM58A",0.876709162409828,0.965454767479996,0.796121145540118,0.0074826501702711,1
"FANCI",0.882066276680476,0.955181541175976,0.814547688493927,0.00201154138045545,1
"FBP1",0.873926749589299,0.94663188971568,0.806805656924475,0.000949454120567136,1
"FBXO6",0.850228294184457,0.933661222117724,0.774251018578411,0.000680865563453205,1
"FCER1G",0.858476825532425,0.927863861637814,0.794278654926111,0.000119118719148798,1
"FEN1",0.788712288622589,0.857679273690248,0.725291018806807,2.86532229088726e-08,1
"FFAR2",0.889794453102228,0.969377014532872,0.816745349747144,0.00754979805548563,1
"FKBP3",0.832456808680739,0.945227797117051,0.733140032944995,0.00466970255693953,2
"FOLR1",0.888000325496914,0.959887825995514,0.821496592338604,0.00278318588734313,1
"FOXJ1",0.856235410171991,0.925493739567477,0.792159953426616,9.19128130541919e-05,1
"FRYL",0.877761461618976,0.958489907568252,0.803832338160137,0.0036796166013593,1
"FXN",0.872601322678993,0.9462807453171,0.804658735908202,0.000984103380078164,1
"GALK1",0.888176494601927,0.959237346695398,0.822379871135131,0.00253009024615773,1
"GALNT6",0.88393415622263,0.96275440880614,0.81156688080599,0.00464129258608564,1
"GAREM",0.862201295563414,0.941459594580442,0.789615484669333,0.000951826994885715,1
"GBP1",0.837587799125698,0.90980538827698,0.771102622916815,2.66866547579892e-05,1
"GBP2",0.873271337155858,0.942903273440127,0.808781610775058,0.000536252684183461,1
"GBP4",0.800260138296837,0.883163644207815,0.725138872220353,9.40790679149362e-06,1
"GBP5",0.811376457150018,0.897348567295309,0.733641061245116,4.74579370044279e-05,1
"GCH1",0.868054551598727,0.939237730949401,0.802266220490945,0.000433391593812166,1
"GCLM",0.876000956465346,0.952184189359502,0.805913062098193,0.00186110438091904,1
"GCNT1",0.875212986891246,0.950847138593496,0.805595075519888,0.0016227092887866,1
"GINS2",0.885255002395174,0.965633710824895,0.811566964243846,0.00598464510687725,1
"GJB1",0.871307190111802,0.94313453948832,0.804950076319334,0.000653093625808298,1
"GMIP",0.855104941346396,0.940336979262459,0.777598325749705,0.00124247901034277,1
"GMNN",0.870436234992549,0.944342235791128,0.802314256921138,0.000846124621921993,1
"GMPR",0.783023567107008,0.849857162130212,0.721445831094899,4.82798709721534e-09,1
"GNL3L",0.887933026445276,0.966817588588286,0.815484811983509,0.00619943863585053,1
"GNLY",0.890307596802387,0.967231335637633,0.819501589453261,0.00599684385383563,1
"GNPNAT1",0.8748522189132,0.960960837667949,0.796459517325112,0.00524894979652105,1
"GOLGA2P7",0.852419207632238,0.946350210458141,0.767811427007139,0.00275473163712752,1
"GPBAR1",0.851307790521446,0.956266683391549,0.757869082745994,0.00665107095497311,1
"GPBP1L1",0.874186775897159,0.952373242221831,0.802419141229368,0.00209470518493413,1
"GPR155",0.842197425806917,0.928431967457565,0.763972513762261,0.000554426113331676,1
"GPR84",0.851990634761524,0.935123679469744,0.776248166587926,0.000746176799409376,1
"GRB2",0.868531312365949,0.93826786382839,0.803977914667327,0.000347528317500005,1
"GRHPR",0.887717830268139,0.964633274996931,0.81693527125993,0.00496527392974967,1
"GRIN3A",0.86943132637711,0.961675228520917,0.786035460691311,0.00653752950647227,1
"GRSF1",0.871591900652902,0.944440868890182,0.80436210069608,0.000791727577365967,1
"GSTP1",0.861843304204678,0.932722317227712,0.796350497123463,0.000226773496320833,1
"GUF1",0.896295109861623,0.973642184808053,0.825092561206388,0.00952953324657986,1
"GUSB",0.901954949775791,0.975495891968394,0.833958131575,0.00987050213255619,1
"GZMA",0.887342870798872,0.959105755859066,0.820949478769767,0.00259318497760993,1
"GZMB",0.829399866955122,0.899382311659357,0.764862873538166,6.01646835962979e-06,1
"H2AFV",0.858660475025523,0.927032119771118,0.795331462250837,9.68921378863823e-05,1
"H2AFX",0.875139702641817,0.94721653210319,0.808547436814135,0.000956970060068776,1
"H2AFY",0.883279108225867,0.956141484002901,0.815969180379078,0.00214814570923104,1
"HAUS4",0.864048342734821,0.941297510200353,0.793138758461056,0.000823912240040543,1
"HCG27",0.855529401739962,0.960543943786864,0.761995910729458,0.00825573214379313,1
"HCK",0.892694595667345,0.967058661828901,0.824048915116048,0.00542829820377105,1
"HCLS1",0.879483485174881,0.958635974686929,0.806866444739842,0.0034920090940884,1
"HCP5",0.902718508836288,0.975355992182843,0.835490541634822,0.00954479887776881,1
"HDAC8",0.85768283669821,0.94643871685731,0.777250375818676,0.00224573639957853,1
"HDHD1",0.875078721856958,0.950331481044863,0.805784912654763,0.00152280657359296,1
"HERC5",0.881151057193799,0.954732089345702,0.81324090208998,0.0019878637859211,1
"HERC6",0.898946317186689,0.972689148382982,0.830794177694817,0.0080886886085659,1
"HINFP",0.902084789032049,0.974768902048793,0.834820401935908,0.0091523509807108,1
"HINT2",0.81786603882172,0.901774671143677,0.741764965087777,5.46472407162067e-05,1
"HIPK1",0.898087888568721,0.970084956102439,0.831434247608982,0.00629729825253687,1
"HIST1H1C",0.891473748078139,0.97110570592806,0.818371716550658,0.00849799883901756,1
"HIST1H2BD",0.8884762870359,0.962987730267265,0.819730187430336,0.00400404552534292,1
"HIST1H2BE",0.865480775635659,0.940688786930919,0.79628564026873,0.000678494241662503,1
"HIST1H2BH",0.890089798595695,0.964665677664994,0.821279193307486,0.00456434611748137,1
"HIST1H2BJ",0.868438111919289,0.940814107670088,0.801629937397161,0.000552839873978407,1
"HIST1H2BK",0.874346088671011,0.951432676092305,0.80350517906758,0.00184037920292103,1
"HIVEP1",0.899766031297817,0.973993667703134,0.831195250977933,0.0090150309589905,1
"HLA-A",0.842765201930526,0.918539159116071,0.773242140562077,9.84793158443226e-05,1
"HLA-B",0.867213367786039,0.946728279382519,0.794376846709719,0.00145750528493663,1
"HLA-C",0.856921269161559,0.927551684551905,0.791669158464414,0.000132885164248436,1
"HLA-DMA",0.875946797768896,0.943868723933763,0.812912614927824,0.000508866873749189,1
"HLA-DMB",0.882240266230756,0.952359439791126,0.817283742711286,0.00132307741186559,1
"HLA-DPA1",0.858930710038936,0.925835733027074,0.79686054267514,7.08267810233165e-05,1
"HLA-DPB1",0.870916653450178,0.943851411460897,0.803617823787384,0.00075641249799639,1
"HLA-DPB2",0.829636615790347,0.927013245332263,0.742488759169087,0.000972346595388011,1
"HLA-DQB2",0.889378014836595,0.961725142607737,0.822473301602459,0.00330308623247531,1
"HLA-DRA",0.860661508165479,0.926581124620868,0.799431600703897,6.74563778452372e-05,1
"HLA-DRB1",0.878378573173978,0.947104424361748,0.814639756678466,0.000741045692188162,1
"HLA-E",0.831759467971593,0.903853721140329,0.765415682183133,1.40240254168506e-05,1
"HLA-F",0.843012100588468,0.911326362213476,0.779818768780562,1.74234855869475e-05,1
"HLA-G",0.885096745308314,0.950310794325642,0.824357939774096,0.000765245040050891,1
"HLA-J",0.850421000305169,0.933831083363445,0.774461131830381,0.000688679943193873,1
"HMGA1",0.885354837345322,0.958420360927293,0.817859490435247,0.00261555716344351,1
"HMGB3",0.877954551245737,0.959874615539845,0.803025917733634,0.00424009883419493,1
"HMGN3",0.887918575768103,0.96374849633981,0.818055125573004,0.00446800895282486,1
"HOXC9",0.863939531012338,0.962250222905418,0.775672995940873,0.00781906273235891,1
"HOXD1",0.881618144778851,0.957486802964157,0.811761113361684,0.00277708853650212,1
"HPRT1",0.863646932700505,0.943360226526464,0.790669357674118,0.00113625141300431,1
"HPSE",0.867816769918451,0.942484298487078,0.799064713715249,0.000761056326939808,1
"HRASLS2",0.865162300619794,0.944861150202913,0.792186033104431,0.00127540621091929,1
"HSD17B10",0.85954932946777,0.931135300123721,0.793466910437532,0.00020881790458731,1
"HSD3B7",0.847243429715652,0.945205556755108,0.759434203561629,0.00298357402014279,1
"HSF1",0.886114012902319,0.966040985345676,0.812799928546392,0.00606848736597297,1
"HSPB11",0.821605268191863,0.928021627348681,0.727391686602359,0.00156654908017077,2
"HSPE1",0.824976269191591,0.954449679854049,0.713066240258312,0.00968836128053113,1
"HTATIP2",0.865007446476782,0.937153454030469,0.798415541491411,0.000388132315608629,1
"HTT",0.873778106134985,0.952865011218896,0.801255340233549,0.0022723794076159,1
"ICAM3",0.867807220868287,0.940521096532087,0.800715024222157,0.000553088649875667,1
"ICOS",0.890225295492325,0.968456650729907,0.818313422843558,0.00681430867233884,1
"IDH2",0.854181484117007,0.931370286515399,0.783389827195511,0.000356025253430259,1
"IDO1",0.826069016935872,0.896744821109497,0.760963436507068,5.06815576831898e-06,1
"IFI16",0.89223200692093,0.965513421383785,0.824512571801646,0.00463452449693643,1
"IFI27",0.854064553564348,0.923438875996666,0.789902050493381,7.52962445379712e-05,1
"IFI30",0.830898347203467,0.906974345223617,0.761203519174772,3.40673520864181e-05,1
"IFI35",0.885578958686194,0.955636519325535,0.820657306630799,0.00175929760689562,1
"IFI44",0.859136494708258,0.931442107197996,0.792443793162866,0.000230874503691954,1
"IFI44L",0.863933259848491,0.93666052997247,0.796852919055293,0.000390081066703831,1
"IFIH1",0.887547903209216,0.960864305494394,0.819825729800379,0.00322129204622441,1
"IFIT3",0.855681981058844,0.927721200074244,0.789236736909959,0.000157403015565146,1
"IFNGR2",0.891002478699067,0.969674311359539,0.818713466725552,0.00751100833277326,1
"IFT74",0.897463003110156,0.973782091729027,0.827125338196945,0.00937749949181246,1
"IGFLR1",0.898605196432685,0.972865074730029,0.830013657628632,0.00831454100865857,1
"IGHV1-2",0.868243207417293,0.965422898299929,0.780845646559412,0.0090532041307573,1
"IGHV3-23",0.863417297672757,0.957735215974837,0.778387823153945,0.00549704245927952,1
"IGHV3-72",0.856845215072515,0.963722615089245,0.761820581044137,0.00999225353195951,1
"IGJ",0.885539891040773,0.968150654449203,0.809978173356333,0.00755705414519325,1
"IGSF6",0.862341046879882,0.93569493711045,0.794737741587366,0.00037703069028027,1
"IL10RA",0.900665664943908,0.973385361016242,0.833378713608285,0.00826906986720219,1
"IL17RA",0.891292222031107,0.964404779691896,0.823722405551475,0.00422294879621448,1
"IL21R",0.896684923183682,0.969991388082346,0.828918546436277,0.00653052659535781,1
"IL2RG",0.860606477385645,0.932117756828232,0.794581482320814,0.000227777716100093,1
"IL4I1",0.857540878374636,0.954909700680575,0.770100416363382,0.00509766621262361,1
"IL6R",0.855767363545994,0.92460011075359,0.792058936607281,7.94501253482042e-05,1
"IMP3",0.886792451642407,0.960698612823346,0.818571861969113,0.00326467315449331,1
"IMPA2",0.892423397194571,0.966529649106777,0.823999057448796,0.00516752673748056,1
"IPO4",0.868363809132221,0.94475904580981,0.798146054652775,0.0010349620510175,1
"IRAK1",0.825039578651971,0.902072960267704,0.754584536200062,2.41240954072825e-05,1
"IRF1",0.83771951263346,0.905469686389387,0.775038626246236,8.09898093532383e-06,1
"IRF7",0.895516328010043,0.966851526366499,0.829444306455593,0.00477237509445617,1
"IRF9",0.823713795832022,0.893431665470101,0.759436276625573,2.89202376697572e-06,1
"ISG15",0.854920121481645,0.926118504392495,0.78919534665127,0.000122775426280512,1
"ISG20",0.820844722618936,0.885989168411424,0.760490176036185,4.05024298859891e-07,1
"JAK2",0.846518076166591,0.918520207209881,0.780160139811758,6.31882273719967e-05,1
"KIF4A",0.860238391785668,0.938429764565131,0.788562041235886,0.000694851807837992,1
"KLHDC7B",0.858067109416044,0.956497484258765,0.769765918236766,0.00573258221012305,1
"KLK11",0.886906323260353,0.959980364571524,0.81939470354718,0.00296801220971969,1
"KLK5",0.881347965911587,0.956283261221925,0.812284673919673,0.0024163404046398,1
"LAG3",0.892296820951086,0.9678429316461,0.822647550181778,0.00599197921005839,1
"LAGE3",0.889061833383287,0.963486165252772,0.820386396904288,0.00414591015697669,1
"LAMP3",0.835248490314445,0.904713409573224,0.771117166155031,1.00225077475639e-05,1
"LAP3",0.830686097912315,0.914891936349938,0.754230489797271,0.000166176201503937,1
"LAPTM5",0.872788759384812,0.943145390051873,0.807680583018682,0.000582170011345052,1
"LCA5L",0.823894821477774,0.939844049171049,0.722250332336098,0.00393322718478958,1
"LCP1",0.884035906954361,0.95602524176601,0.817467416802682,0.00202974334727832,1
"LGALS9",0.855612878552527,0.945743438082356,0.774071876649058,0.00227597993980573,1
"LILRB4",0.87862212517973,0.950252140378501,0.812391581194287,0.00121180445575422,1
"LMO4",0.888129966053398,0.962150388483672,0.819804103436576,0.00367669726383615,1
"LPAR3",0.885867844229361,0.965295969208685,0.812975359342788,0.00567179982145996,1
"LRP10",0.87813150895656,0.949697422709502,0.811958554991465,0.00114956096823013,1
"LRP8",0.856242950998364,0.930469684082948,0.787937537005266,0.0002532440415684,1
"LRPAP1",0.871180934995548,0.944226931573665,0.803785823218184,0.000788109891311832,1
"LRRC25",0.837707467847751,0.928497883384254,0.755794724194835,0.000743434606500042,1
"LRRC42",0.895717674067277,0.969385796733378,0.827647933712363,0.00631431862844812,1
"LRRC46",0.856424965351726,0.960614037955316,0.763536334362649,0.00814595597487527,1
"LRRC8D",0.886911335232134,0.966893471215207,0.813545380107511,0.00644589268548364,1
"LRRK1",0.882654132263017,0.965751861033449,0.806706513997591,0.00654611636652944,1
"LSM10",0.877427721459562,0.966569127136257,0.796507342073619,0.00807953165110876,1
"LSM12",0.889351283651651,0.964903349346745,0.81971495514895,0.00482062043153433,1
"LY6E",0.866444974833325,0.940708944425456,0.798043750793113,0.00063382340294697,1
"LYN",0.849459017990025,0.917098893745797,0.786807865722481,2.99546766751241e-05,1
"LYPD1",0.887189673710112,0.969687549322432,0.811710450121633,0.00832784519949176,1
"LYRM2",0.878199984034326,0.95493060557292,0.807634824412377,0.00237344603112776,1
"LYZ",0.858499426030121,0.931371890591139,0.791328653934639,0.000242251499176918,1
"MAD2L1BP",0.875174772363942,0.949966003138681,0.806271887258752,0.00143859743202582,1
"MAGOH",0.872244167011863,0.943794398521213,0.806118247870825,0.000678657647912319,1
"MAPK1",0.892922179429702,0.970774578895694,0.821313243929884,0.00792155368361335,1
"MCM6",0.880802087363021,0.954938952335729,0.812420851830852,0.00208254094364113,1
"MCUR1",0.81798180615341,0.898479884163226,0.74469584349252,2.72536919046416e-05,1
"MEA1",0.882381386030906,0.958112072140628,0.812636572540277,0.00289648837492799,1
"MEI1",0.822000145911899,0.925853928524249,0.729795725937222,0.00124192618520387,1
"MELK",0.86570808561201,0.939152655804418,0.798007102319356,0.000518593761887852,1
"MFSD7",0.885464420804534,0.968198977091141,0.809799699299726,0.00760608188259783,1
"MIF",0.871909389442534,0.945764063264577,0.803822023828981,0.000952680923933486,1
"MKNK1",0.894220634356253,0.968668747853089,0.82549431338707,0.00614132614716294,1
"MMP12",0.875497655973656,0.951099919025247,0.80590496359302,0.00165317409583804,1
"MMP9",0.880399152629759,0.95497577226416,0.811646421263129,0.00213737184822242,1
"MNDA",0.895895740623645,0.96864580885879,0.828609560612467,0.00578595801024319,1
"MOV10",0.839002743516336,0.934861383484677,0.752973238667822,0.00147140788354935,1
"MREG",0.865551164137846,0.95517578076997,0.78433606967763,0.00407597069268853,1
"MRPL14",0.860510633932758,0.95600181422015,0.774557683988703,0.00514204886890188,1
"MRPL40",0.880698964340504,0.961984750666572,0.806281664291446,0.00479637225931855,1
"MRPL46",0.894043025156573,0.966605914978371,0.826927415242439,0.0049080383162289,1
"MRPS17",0.893199055015239,0.972723191559262,0.820176344928352,0.00944556434395216,1
"MRS2",0.898314001865999,0.971658730637543,0.830505629707071,0.00740768034906897,1
"MS4A4A",0.89441435253318,0.970900263290861,0.823953874835536,0.00769066387876608,1
"MTAP",0.889412831872414,0.964469564251463,0.82019714755152,0.00458026186108259,1
"MTMR1",0.885473135530734,0.963138600496594,0.814070449821414,0.00457516986139885,1
"MUC1",0.873842364086009,0.947051141105071,0.806292758784298,0.00101878629007595,1
"MX1",0.883970446044262,0.956277052907403,0.817131130673858,0.00210892022191733,1
"MYB",0.897438220574573,0.972583866641272,0.82809862200307,0.00835106419079546,1
"MYD88",0.873534177746668,0.945293353153788,0.807222389902288,0.000788861054109491,1
"MYL5",0.888037543801879,0.963477698960592,0.818504341151263,0.00431279110809341,1
"MYLIP",0.883055164233534,0.954538587008361,0.816924987310842,0.00173924700681623,1
"MYO1G",0.879561254030911,0.967281008741334,0.799796535444345,0.00814953805951745,1
"NAA10",0.884431417866611,0.969047438597131,0.807203963143379,0.00842797349301331,1
"NADSYN1",0.872452034540477,0.948368208485127,0.802612894193991,0.00134934794070506,1
"NAPG",0.868518808968481,0.943781293776389,0.799258182490266,0.000885578862131759,1
"NCF2",0.883427895186645,0.95859652848838,0.814153632732842,0.00293121155504337,1
"NCF4",0.882294362393267,0.954520202710105,0.8155336468529,0.00181208607287222,1
"NDUFA1",0.878624765467004,0.953688958760204,0.809468822513709,0.00197728552336146,1
"NDUFA6",0.865234751412861,0.949878699234896,0.788133448676636,0.00236748083133742,1
"NDUFS8",0.86237273858611,0.932129229398635,0.797836519659724,0.000190763043301595,1
"NDUFV1",0.876415208397942,0.950695189608297,0.807938891357681,0.00148246100562472,1
"NEDD8",0.862857471868333,0.939506743780655,0.792461599331355,0.000681211426977547,1
"NFKBIE",0.888920156451905,0.96391856100904,0.819757058852889,0.00438325547039772,1
"NFX1",0.882345043918434,0.955276148030402,0.814981906679665,0.00200722193205986,1
"NGDN",0.869566276692891,0.949439982317325,0.796412120454409,0.00182624037732165,1
"NGLY1",0.853968939822434,0.924002043227004,0.789243871836646,8.6572500522618e-05,1
"NGRN",0.881284230580415,0.959897441711034,0.809109245759944,0.00374607475677731,1
"NHP2L1",0.884149321888246,0.95953481784962,0.81468645936927,0.00318374795024124,1
"NINJ1",0.842896973514636,0.911499045250418,0.779458093414615,1.85967809752834e-05,1
"NIPA2",0.863160255454459,0.959533623385324,0.77646640872012,0.00643285751185634,2
"NMI",0.898250642342012,0.97229921101722,0.829841480200016,0.00793030344134713,1
"NOD2",0.830659202479413,0.898331304818499,0.768084900261984,3.43246618159248e-06,1
"NOL7",0.86552259848758,0.937772460653847,0.798839164001868,0.000414624105048287,1
"NOXRED1",0.868959975162846,0.963446827305344,0.783739607661507,0.00765213559047527,1
"NR1H3",0.852965546139346,0.923531074706289,0.787791816460724,8.79833675537307e-05,1
"NR2C2",0.883565686665441,0.957084643619155,0.815694126802044,0.00240064820182775,1
"NSDHL",0.848785370753336,0.922561962163762,0.780908638282873,0.000115578057444656,1
"NUBP1",0.880378796635981,0.959199001898689,0.808035479636665,0.00358960439261312,1
"NUP62",0.883951002473055,0.955610036358205,0.817665517359874,0.00192441957307674,1
"NUP85",0.889891151480351,0.962400546676359,0.822844775200789,0.00351272368781575,1
"OAS1",0.885490042287773,0.957676069856816,0.81874512653118,0.00235384884035098,1
"OAS2",0.888761215621678,0.960137768068604,0.822690789450211,0.00277091842222209,1
"OAS3",0.890058277706996,0.967701435973979,0.818644788841716,0.00634592729677401,1
"OASL",0.879513878049096,0.952922640084941,0.811760188226831,0.00169555648452778,1
"OAZ1",0.868488529266849,0.938058590777701,0.804078053208554,0.000335345271047086,1
"OR2B6",0.873353232505015,0.961448048090926,0.793330300312622,0.00574860666385293,1
"OR4C3",0.843140736778141,0.956922465628176,0.742888089212246,0.00824853336768964,1
"OR4D2",0.850051430092869,0.948000441029364,0.762222676835811,0.00350412946580471,1
"ORC1",0.877219264119276,0.952218010152656,0.808127581223336,0.00174980194041149,1
"ORMDL2",0.880627072275917,0.96380175907445,0.804630239697817,0.00576861539949582,1
"OSTF1",0.898312350700427,0.974578401417577,0.828014532486204,0.00989945582281709,1
"OXLD1",0.865126411884241,0.954813179269726,0.783864032032044,0.00399270013952784,1
"PAK1",0.886665525358039,0.962644577934271,0.816683303349087,0.00413674186623317,1
"PARP12",0.856149262950005,0.926185487302724,0.791409032530282,0.000108236325930703,1
"PARP9",0.864924634954025,0.956260972173081,0.782312199200523,0.00460911311121182,1
"PCK2",0.771041572092382,0.836659436604747,0.710570011983916,4.38761788879122e-10,1
"PDE6B",0.894505247321806,0.969108230070963,0.825645281567422,0.00637733042994393,1
"PDZK1IP1",0.829555732881055,0.899748608169461,0.764838875778749,6.51163668897681e-06,1
"PGK1",0.883664424374186,0.956828453641797,0.816094893428922,0.00230893186684397,1
"PGRMC1",0.875707993957388,0.948696498179313,0.808334901786395,0.00115665301618987,1
"PIFO",0.834729568927094,0.947357008137574,0.735491949978828,0.00515149019534706,1
"PIGO",0.877899922354647,0.948752583156754,0.812338524661447,0.00100753429997586,1
"PILRA",0.880277439869702,0.959702776099887,0.807425372147622,0.00381372645419199,1
"PIN4",0.875306497689325,0.954178464583433,0.802954052449336,0.0024821862097158,1
"PIR",0.861442442797342,0.93666270663919,0.792262867938125,0.000479632064498714,1
"PITPNM1",0.891443420912401,0.964711119132668,0.823740244025029,0.00435216450852852,1
"PLSCR1",0.841274482993713,0.910706017539893,0.777136355866164,1.93990151951674e-05,1
"PMAIP1",0.821496523497181,0.895432628178644,0.753665342182859,7.75367584920984e-06,1
"PNKP",0.897735873579373,0.971644465184397,0.829449173632016,0.00752674791996709,1
"PNPLA4",0.886980625675986,0.963901060189031,0.816198532005221,0.00470679685186264,1
"POLD3",0.805979681314144,0.912159074784632,0.712160043843917,0.000635335111181579,2
"POLG",0.899153515495147,0.972481516053669,0.831354664413657,0.00787037752343385,1
"POLR1C",0.87162768207652,0.947586652962422,0.801757616347742,0.00126939848313739,1
"POU2AF1",0.897405034638908,0.973826773603904,0.826980545230752,0.00943124038284461,1
"PPCDC",0.864874720333978,0.944337390887761,0.792098554066131,0.00120790426670985,1
"PPP1CA",0.87264282630522,0.953234293042693,0.798864988240468,0.00250572852441816,1
"PPP1R3E",0.832990648125341,0.934250087752027,0.742706293487068,0.00179687910539187,1
"PPP2R3B",0.878555204079352,0.958049658254123,0.805656825786556,0.00339337428472415,1
"PRDX1",0.865506665874427,0.936894775810458,0.799558080602017,0.000354341931333242,1
"PRF1",0.849914853727647,0.922533400328492,0.783012580714882,0.000101274158606826,1
"PSMA4",0.837615260532834,0.908197854299287,0.772518148282568,1.76467877257649e-05,1
"PSMA5",0.862751858686587,0.933309186383391,0.79752860094682,0.000232499473160947,1
"PSMB10",0.883440992023689,0.953875233818576,0.81820762162302,0.00154266145897253,1
"PSMB5",0.892941766499417,0.966939693216937,0.82460675050622,0.00530994862813548,1
"PSMB8",0.848682307004105,0.91514512428969,0.787046381065361,1.99894614427658e-05,1
"PSMB9",0.830005026216579,0.895212545499695,0.769547239935345,1.37467056042557e-06,1
"PSMD2",0.885389185143417,0.961634438250391,0.815189200789425,0.00387502624486516,1
"PSME1",0.811681866261965,0.879239215474943,0.749315363126318,3.13668598410382e-07,1
"PSME2",0.7558648195652,0.841733707592465,0.678755787374205,3.42772669042969e-07,1
"PSTPIP1",0.831682738970984,0.905429086473537,0.763942962111251,2.11996813069604e-05,1
"PTGS1",0.879333811436741,0.952456858164446,0.811824646237536,0.00160422268236773,1
"PTPN6",0.90316750008368,0.975794261577406,0.835946228960988,0.00985413154015621,1
"PTPRCAP",0.843241688308417,0.915070548166948,0.77705106598131,4.35265432636297e-05,1
"PTRH1",0.848381404994536,0.95118422316672,0.756689388669925,0.00483878491103942,1
"PYCRL",0.862393935427835,0.940093517866977,0.791116293994005,0.000769625363364387,1
"RAB27A",0.867779611987454,0.939517465371748,0.801519378549427,0.000466204189526873,1
"RAB9A",0.887816863825192,0.962652379273568,0.818798977349645,0.00395401068765788,1
"RAC2",0.891053300380922,0.962452016154433,0.824951239950785,0.00335587034220088,1
"RAF1",0.88649946159581,0.958650283379186,0.819778921505635,0.00254660372264116,1
"RARRES3",0.832495634875815,0.900276812135977,0.769817652465104,4.42274737740954e-06,1
"RASAL3",0.851641588605273,0.950371804137836,0.763168048845987,0.00411105456937089,1
"RBBP8",0.883592985356983,0.964852914493085,0.809176768857303,0.0058325824621281,1
"RBM28",0.888923400786529,0.965002599049407,0.818842159849386,0.00495078048995856,1
"RELT",0.844438122816059,0.941806958185792,0.757135777207159,0.00239135602724232,1
"REXO1",0.818263953279992,0.932817353949099,0.717778131381051,0.00269727863072185,1
"RFXANK",0.895433068144597,0.969426371017618,0.82708744418123,0.0064015673933579,1
"RGS1",0.895273397348715,0.971510889586542,0.825018499114736,0.00797473821207953,1
"RIBC1",0.86040953484655,0.964638168507576,0.767442748818665,0.0099641057811925,1
"RIBC2",0.860557853614836,0.940354213432739,0.787532834797198,0.000902617940563944,1
"RIOK3",0.894346545332486,0.968871717334849,0.825553815677868,0.00625057656834386,1
"RIPK2",0.893806489591371,0.970210057561365,0.823419665266787,0.00730481463742409,1
"RNASE1",0.831158396985005,0.901012640813276,0.76671985451295,7.06960741769942e-06,1
"RNF138",0.849696003654073,0.956611212509241,0.754730123570164,0.00707007685378905,2
"RNF31",0.851941539619959,0.923505018989784,0.785923597604243,9.87259629674941e-05,1
"RNF4",0.877008331488439,0.949169800907711,0.810333001286584,0.00114169977161777,1
"RPL39L",0.886582021997275,0.966777101401895,0.813039200648197,0.00643596516825519,1
"RSAD2",0.883473075523018,0.956137838526246,0.816330704344021,0.00212504428574637,1
"RTCA",0.889599639882497,0.963123139874765,0.82168882307404,0.00388498723008836,1
"RTP4",0.841180214467206,0.911826861444722,0.776007138120476,2.63012290337171e-05,1
"SAC3D1",0.865249149321931,0.938184006628591,0.797984281455251,0.000456054604301871,1
"SAMD9L",0.863876962601486,0.955700592636066,0.780875738975037,0.00452384212054385,1
"SAMM50",0.895300373909873,0.969915242115338,0.826425572790246,0.00677145543248834,1
"SAP30L",0.897320629583956,0.970683115060871,0.829502748923838,0.00689108535836412,1
"SAT1",0.855277011779581,0.924188811137429,0.791503595437745,7.68489206054341e-05,1
"SCARF1",0.897303977733087,0.9726403257546,0.827802844623946,0.0084291073002844,1
"SCO2",0.850260856374678,0.918871829168634,0.786772976310631,4.18806755486543e-05,1
"SDF2L1",0.881297256427288,0.955538567475912,0.812824181694628,0.00219803312014726,1
"SELL",0.868421436769339,0.943470692928588,0.799342043682967,0.000850184739663702,1
"SEMA4D",0.870602453490013,0.941865858352045,0.8047309766053,0.000556514870543592,1
"SERPINA1",0.860848919609208,0.933983073800801,0.793441426488199,0.000316238752057829,1
"SERPINB1",0.89487409113264,0.968194145079076,0.82710646728303,0.00570226762295409,1
"SIGLEC10",0.846636639954669,0.933048681551547,0.76822744009647,0.000786484680416209,1
"SIRT5",0.853660348701532,0.925398972967497,0.787483034056507,0.000121468961091918,1
"SLAMF1",0.889202570310815,0.964502258098959,0.819781606945948,0.00463399495896052,1
"SLBP",0.879267242469315,0.952287277244279,0.811846280165387,0.00157203740025013,1
"SLC10A3",0.877749292687237,0.95083526828688,0.810281072347109,0.00139633779408999,1
"SLC15A3",0.84447809070496,0.914400033963705,0.779902908128065,3.11655447370695e-05,1
"SLC25A5",0.841750693572583,0.941518587396425,0.752554691553416,0.0025747169595592,2
"SLC3A2",0.886214196559538,0.964419556701966,0.8143505559649,0.00511638595602766,1
"SLC5A1",0.894961603704739,0.97048738114662,0.825313432885069,0.00726001813913649,1
"SLC5A3",0.838578065101848,0.920046883973071,0.764323192132611,0.000198035912750635,1
"SMAD1",0.89930031813381,0.973430992420604,0.830814992015507,0.00863245521298609,1
"SMAP1",0.885906916230803,0.959156765020777,0.818251085586171,0.00280092530481468,1
"SMIM7",0.863714820641893,0.945184132675461,0.789267684048823,0.00144350630625933,1
"SNRNP25",0.878350379382297,0.956377041142662,0.806689575106542,0.00281591425917645,1
"SNRPA1",0.83270607111689,0.905062267097773,0.766134470613192,1.65957386282444e-05,1
"SNRPD1",0.864752729204538,0.937977802163089,0.797244114884368,0.000458513000543968,1
"SNRPD3",0.887019111166382,0.96068877069692,0.818998751285103,0.00322773561445028,1
"SOD1",0.890716924213747,0.966756027482397,0.820658590716927,0.00562521838156182,1
"SOD2",0.877938617649487,0.953056267000769,0.80874156442609,0.00188458478999055,1
"SORT1",0.898208289397145,0.972415445479058,0.829664044203131,0.00803461205371105,1
"SP110",0.879532751868002,0.949686215324245,0.814561535300775,0.00104384714446368,1
"SPI1",0.899952532604345,0.973541190892815,0.831926341193863,0.00857269336450143,1
"SQRDL",0.858309764669398,0.926205853257198,0.795390840530852,8.37166303861192e-05,1
"SRGN",0.862070210255428,0.932261306130039,0.797163887982042,0.00020219890941574,1
"SSBP1",0.874210571967269,0.945949492970921,0.807912187509183,0.000835224299239326,1
"SSR4",0.867010406296793,0.938402671364229,0.801049557472076,0.000408219542227745,1
"SST",0.867788194208785,0.944398594424705,0.797392493438514,0.00101876831290852,1
"ST6GAL1",0.851995885214435,0.922244718835124,0.787098015957414,7.42086933079462e-05,1
"STAC3",0.833631150200823,0.941716002788338,0.737951667517052,0.00344014412480315,1
"STARD7",0.87875375832253,0.952768650296344,0.81048864016022,0.00173256345280117,1
"STAT1",0.806815021672503,0.871067158117675,0.74730228677553,4.00209073547902e-08,1
"STOML2",0.874349868062265,0.949251192754969,0.805358684419202,0.00136523038544083,1
"STXBP6",0.884819027231334,0.962932181855545,0.813042419500372,0.00458181938683019,1
"STYK1",0.889653555728326,0.964559736610371,0.820564470171088,0.00458526849846472,1
"SUCNR1",0.777309640274908,0.870890699513784,0.693784279935055,1.40296955040208e-05,1
"SYK",0.891232662477627,0.96211174278576,0.825575266722247,0.00318576019844932,1
"SYTL3",0.856290366454786,0.955280865409233,0.767557708139754,0.00544207930859024,1
"TAAR1",0.825258469693329,0.942441414118131,0.722646025098393,0.00458204113542909,1
"TAF9B",0.878258524073432,0.956150867215854,0.806711640971102,0.00275165220802745,1
"TAGLN2",0.891446056276015,0.972514932750947,0.817135083984947,0.00966660126526734,1
"TALDO1",0.899403127393129,0.972655219733774,0.83166775765204,0.00795458215487385,1
"TAP1",0.823070078392933,0.887721413298646,0.763127197110705,4.48950503399479e-07,1
"TAP2",0.863294390029314,0.934760914414409,0.79729179126298,0.000291796254465179,1
"TAPBP",0.877033936478056,0.945300250991748,0.813697579078407,0.0006016890493482,1
"TAPBPL",0.862000968520896,0.936101277470228,0.793766323809546,0.000416647167296365,1
"TBCC",0.87727724061252,0.953901975340531,0.806807593224634,0.0021796642640211,1
"TBCD",0.892229407863486,0.965534081709338,0.824490125555274,0.00464612315920989,1
"TCF20",0.900790291675823,0.972231318777235,0.834598859248777,0.00729291709380441,1
"TCIRG1",0.860664817550794,0.929791649026922,0.796677329749057,0.000140798245035421,1
"TESK1",0.883709364826273,0.958878962556815,0.814432552988024,0.00299659923637801,1
"TFEC",0.85358303683484,0.929650936892643,0.783739328233827,0.000278233172586986,1
"THTPA",0.792529545399872,0.863134013880824,0.727700531123377,9.27963641776872e-08,1
"TIGIT",0.837038378845777,0.921093826152552,0.760653505395146,0.000269008615514466,1
"TIMD4",0.855735116124799,0.952679678905905,0.768655619704312,0.00443696900126017,1
"TIMM8A",0.831903538018454,0.929205064386524,0.744790921931246,0.00111018138249297,1
"TINF2",0.863492200394052,0.937569496120049,0.795267746259836,0.000473949811712062,1
"TM2D3",0.890068880307689,0.96936061527613,0.817263048660703,0.00748032693478411,1
"TMEM134",0.876669149850029,0.952217012941737,0.807115172122846,0.00180317180738888,1
"TMEM165",0.89659778981516,0.972470265542841,0.82664491160837,0.00845062984765155,1
"TNFAIP2",0.889915252319134,0.972100806842259,0.814678015629644,0.00965914326738932,1
"TNFRSF1B",0.877960094885192,0.951172369643363,0.810383010284274,0.00144769386183375,1
"TNFSF10",0.851905716606852,0.922495030797275,0.786717896312355,7.94005463616218e-05,1
"TPCN2",0.840740609840451,0.935522142180468,0.755561777925872,0.00145824515221696,1
"TRABD",0.891230790719003,0.963253762765193,0.824593012795984,0.00368222602878626,1
"TRAC",0.842766685186666,0.922386120785027,0.7700199186172,0.000203966741074035,1
"TRAF3",0.87453577903275,0.94773317205169,0.80699172653493,0.0010795063298973,1
"TRBC2",0.859753948946742,0.93921217998419,0.78701795875556,0.000806650335682237,1
"TRIM14",0.882238038916632,0.954078280916057,0.815807227646078,0.00170729549150215,1
"TRIM22",0.901190361815278,0.975419904969581,0.832609693621209,0.00998853833027323,1
"TRIM26",0.896968849010792,0.97079153660647,0.828759919877512,0.00704800802515239,1
"TRIM27",0.871563886681115,0.940931691412505,0.807310047583117,0.000434484220659844,1
"TRIM38",0.893162216118328,0.965805063091936,0.825983187277479,0.00462472406622531,1
"TRIM69",0.786725228472458,0.929804210762268,0.665663349284713,0.00489807437353257,2
"TRMU",0.887552033513972,0.961404111903727,0.819373042450301,0.00344290566573425,1
"TSPAN33",0.833007205413831,0.914253031837346,0.758981354294061,0.000119104636519489,1
"TSPAN8",0.896087637899566,0.973529951489525,0.824805701733013,0.00947870904245586,1
"TUBB4B",0.86619011216127,0.945828064819366,0.793257610249958,0.00136940074745829,1
"TUBG1",0.887339539043077,0.960145471233654,0.820054336701206,0.00297012085229221,1
"TYROBP",0.855027436749377,0.924978101457235,0.790366730242002,9.47351506379968e-05,1
"UBAP2",0.884463231291719,0.956977497901917,0.817443679942375,0.00225990496570693,1
"UBB",0.885979143444601,0.960226200059627,0.817473052255901,0.00319384655723177,1
"UBE2K",0.885049905958389,0.96040468637725,0.815607573711135,0.00340014616948411,1
"UBE2L6",0.8016107330749,0.86734756563753,0.74085613753762,3.81999063533032e-08,1
"UBE3C",0.868725257225589,0.93937297839249,0.803390761604751,0.000419048135229624,1
"UBL4A",0.889096903003311,0.96573915578507,0.818537074110317,0.00533142940142685,1
"UCP2",0.862651714320988,0.931299121695192,0.799064406789488,0.000155674492773976,1
"UFD1L",0.88202230372428,0.955221141693762,0.814432711243839,0.00202724756720957,1
"UQCR10",0.883271026811243,0.959993905425712,0.812679853897843,0.00349276558917203,1
"UTP3",0.85468904807973,0.931896940733753,0.783877848479963,0.000373083444486185,1
"UVRAG",0.845691631215356,0.916619077999959,0.780252508673752,4.52788881956102e-05,1
"VANGL1",0.877839069644059,0.955019588036171,0.806895944174457,0.00244228587648677,1
"VBP1",0.858197897305607,0.960631474704585,0.766686966160729,0.0078579037962025,2
"VCP",0.893711357112163,0.973096736883472,0.82080224869453,0.00965170698311642,1
"VIMP",0.876275328248803,0.964527781657468,0.796097806097447,0.00698303173205866,1
"VRK2",0.893081040789088,0.966880471937636,0.824914525182763,0.00524838748724995,1
"VTCN1",0.874160637841809,0.947329533701595,0.806643088351878,0.00104072901490049,1
"WARS",0.826714242199653,0.897090128888831,0.761859278400823,4.98743588420399e-06,1
"WDR38",0.832251915247618,0.943842052313399,0.733855043580257,0.00423289438582909,1
"WDR45B",0.855854422927761,0.933324380871689,0.78481480636014,0.000430397403303113,1
"WDR5",0.86476895782147,0.959217434358051,0.779620265046691,0.00600945737817884,1
"WDR76",0.857833930937778,0.93761409374246,0.784842141323752,0.000725635397540732,1
"WDR77",0.830822369870444,0.903798546885868,0.763738570564783,1.59805620895266e-05,1
"WFDC5",0.854540849536953,0.952405945479014,0.766731945546667,0.00449107100076092,1
"WT1",0.879260649067639,0.95907452341222,0.806088859756479,0.00370121971879161,1
"WWC1",0.889872162369697,0.963988862202253,0.821453957000572,0.00425680604253939,1
"XAF1",0.89457534146015,0.970201286549408,0.82484434172907,0.00713291267641323,1
"XIAP",0.861343329306404,0.936213807249168,0.79246036022537,0.000448361636258963,1
"XRCC6",0.869735398342864,0.945112423527713,0.800370034611484,0.000997729172639049,1
"YWHAH",0.887130250143392,0.962516139329212,0.817648711083375,0.00400123967667104,1
"ZMPSTE24",0.894766974864536,0.973131154582739,0.822713295672379,0.00943695839279893,1
"ZNF16",0.865004062995729,0.94091581952975,0.795216759532292,0.000727613826085263,1
"ZNF24",0.85756753956957,0.924348902752936,0.79561092433078,5.91927443181236e-05,1
"ZNF34",0.877295434743306,0.954438089928521,0.806387850550984,0.00233118590933419,1
"ZNF592",0.879873796322672,0.952073872988296,0.813148978687275,0.0014700509141932,1
"ZNF623",0.830289964535949,0.945198267647812,0.729351130662437,0.00492061545227865,1
"ZNF672",0.897877942904483,0.973118521185767,0.828454893009366,0.0086993579672167,1
"ZNF7",0.873069194486469,0.947871122332477,0.80417031429921,0.00121035955153453,1
